{
    "saveStateIdentifier": "Cornifer - Crossroads_33",
    "saveScene": "Crossroads_06",
    "savedPd": {
        "version": "1.2.2.1",
        "profileID": 1,
        "playTime": 991.353515625,
        "completionPercent": 0.0,
        "openingCreditsPlayed": true,
        "permadeathMode": 0,
        "health": 5,
        "maxHealth": 5,
        "maxHealthBase": 5,
        "healthBlue": 0,
        "joniHealthBlue": 0,
        "damagedBlue": false,
        "heartPieces": 0,
        "heartPieceCollected": false,
        "maxHealthCap": 9,
        "heartPieceMax": false,
        "prevHealth": 5,
        "blockerHits": 4,
        "firstGeo": true,
        "geo": 41,
        "maxMP": 99,
        "MPCharge": 0,
        "MPReserve": 0,
        "MPReserveMax": 0,
        "soulLimited": false,
        "vesselFragments": 0,
        "vesselFragmentCollected": false,
        "MPReserveCap": 99,
        "vesselFragmentMax": false,
        "focusMP_amount": 33,
        "atBench": false,
        "respawnScene": "Crossroads_ShamanTemple",
        "mapZone": 3,
        "respawnMarkerName": "BoneBench",
        "respawnType": 1,
        "respawnFacingRight": false,
        "hazardRespawnFacingRight": false,
        "shadeScene": "None",
        "shadeMapZone": "",
        "shadePositionX": 0.0,
        "shadePositionY": 0.0,
        "shadeHealth": 0,
        "shadeMP": 0,
        "shadeFireballLevel": 0,
        "shadeQuakeLevel": 0,
        "shadeScreamLevel": 0,
        "shadeSpecialType": 0,
        "shadeMapPos": {
            "x": 0.0,
            "y": 0.0,
            "z": 0.0
        },
        "dreamgateMapPos": {
            "x": 0.0,
            "y": 0.0,
            "z": 0.0
        },
        "geoPool": 0,
        "nailDamage": 5,
        "nailRange": 0,
        "beamDamage": 2,
        "canDash": false,
        "canBackDash": false,
        "canWallJump": false,
        "canSuperDash": false,
        "canShadowDash": false,
        "hasSpell": true,
        "fireballLevel": 1,
        "quakeLevel": 0,
        "screamLevel": 0,
        "hasNailArt": false,
        "hasCyclone": false,
        "hasDashSlash": false,
        "hasUpwardSlash": false,
        "hasAllNailArts": false,
        "hasDreamNail": false,
        "hasDreamGate": false,
        "dreamNailUpgraded": false,
        "dreamOrbs": 0,
        "dreamOrbsSpent": 0,
        "dreamGateScene": "",
        "dreamGateX": 0.0,
        "dreamGateY": 0.0,
        "hasDash": false,
        "hasWalljump": false,
        "hasSuperDash": false,
        "hasShadowDash": false,
        "hasAcidArmour": false,
        "hasDoubleJump": false,
        "hasLantern": false,
        "hasTramPass": false,
        "hasQuill": false,
        "hasCityKey": false,
        "hasSlykey": false,
        "gaveSlykey": false,
        "hasWhiteKey": false,
        "usedWhiteKey": false,
        "hasMenderKey": false,
        "hasWaterwaysKey": false,
        "hasSpaKey": false,
        "hasLoveKey": false,
        "hasKingsBrand": false,
        "hasXunFlower": false,
        "ghostCoins": 0,
        "ore": 0,
        "foundGhostCoin": false,
        "trinket1": 0,
        "foundTrinket1": false,
        "trinket2": 0,
        "foundTrinket2": false,
        "trinket3": 0,
        "foundTrinket3": false,
        "trinket4": 0,
        "foundTrinket4": false,
        "noTrinket1": false,
        "noTrinket2": false,
        "noTrinket3": false,
        "noTrinket4": false,
        "soldTrinket1": 0,
        "soldTrinket2": 0,
        "soldTrinket3": 0,
        "soldTrinket4": 0,
        "simpleKeys": 0,
        "rancidEggs": 0,
        "notchShroomOgres": false,
        "notchFogCanyon": false,
        "gMap_doorX": 28.607755661010743,
        "gMap_doorY": 30.405620574951173,
        "gMap_doorScene": "Crossroads_06",
        "gMap_doorMapZone": "CROSSROADS",
        "gMap_doorOriginOffsetX": 0.0,
        "gMap_doorOriginOffsetY": 18.0,
        "gMap_doorSceneWidth": 263.0,
        "gMap_doorSceneHeight": 110.0,
        "guardiansDefeated": 0,
        "lurienDefeated": false,
        "hegemolDefeated": false,
        "monomonDefeated": false,
        "maskBrokenLurien": false,
        "maskBrokenHegemol": false,
        "maskBrokenMonomon": false,
        "maskToBreak": 0,
        "elderbug": 1,
        "metElderbug": false,
        "elderbugReintro": false,
        "elderbugHistory": 0,
        "elderbugHistory1": false,
        "elderbugHistory2": false,
        "elderbugHistory3": false,
        "elderbugSpeechSly": false,
        "elderbugSpeechStation": false,
        "elderbugSpeechEggTemple": false,
        "elderbugSpeechMapShop": false,
        "elderbugSpeechBretta": false,
        "elderbugSpeechJiji": false,
        "elderbugSpeechMinesLift": false,
        "elderbugSpeechKingsPass": false,
        "elderbugSpeechInfectedCrossroads": false,
        "elderbugSpeechFinalBossDoor": false,
        "elderbugRequestedFlower": false,
        "elderbugGaveFlower": false,
        "metQuirrel": false,
        "quirrelEggTemple": 0,
        "quirrelSlugShrine": 0,
        "quirrelRuins": 0,
        "quirrelMines": 0,
        "quirrelLeftStation": false,
        "quirrelLeftEggTemple": true,
        "quirrelCityEncountered": false,
        "quirrelCityLeft": false,
        "quirrelMinesEncountered": false,
        "quirrelMinesLeft": false,
        "quirrelMantisEncountered": false,
        "enteredMantisLordArea": false,
        "visitedDeepnestSpa": false,
        "quirrelSpaReady": false,
        "quirrelSpaEncountered": false,
        "quirrelArchiveEncountered": false,
        "quirrelEpilogueCompleted": false,
        "metRelicDealer": false,
        "metRelicDealerShop": false,
        "marmOutside": false,
        "marmOutsideConvo": false,
        "marmConvo1": false,
        "marmConvo2": false,
        "marmConvo3": false,
        "marmConvoNailsmith": false,
        "cornifer": 0,
        "metCornifer": false,
        "corniferIntroduced": false,
        "corniferAtHome": false,
        "corn_crossroadsEncountered": false,
        "corn_crossroadsLeft": true,
        "corn_greenpathEncountered": false,
        "corn_greenpathLeft": false,
        "corn_fogCanyonEncountered": false,
        "corn_fogCanyonLeft": false,
        "corn_fungalWastesEncountered": false,
        "corn_fungalWastesLeft": false,
        "corn_cityEncountered": false,
        "corn_cityLeft": false,
        "corn_waterwaysEncountered": false,
        "corn_waterwaysLeft": false,
        "corn_minesEncountered": false,
        "corn_minesLeft": false,
        "corn_cliffsEncountered": false,
        "corn_cliffsLeft": false,
        "corn_deepnestEncountered": false,
        "corn_deepnestLeft": false,
        "corn_deepnestMet1": false,
        "corn_deepnestMet2": false,
        "corn_outskirtsEncountered": false,
        "corn_outskirtsLeft": false,
        "corn_royalGardensEncountered": false,
        "corn_royalGardensLeft": false,
        "corn_abyssEncountered": false,
        "corn_abyssLeft": false,
        "metIselda": false,
        "iseldaCorniferHomeConvo": false,
        "iseldaConvo1": false,
        "brettaRescued": false,
        "brettaPosition": 0,
        "brettaState": 0,
        "brettaSeenBench": false,
        "brettaSeenBed": false,
        "brettaSeenBenchDiary": false,
        "brettaSeenBedDiary": false,
        "brettaLeftTown": false,
        "slyRescued": false,
        "slyBeta": false,
        "metSlyShop": false,
        "gotSlyCharm": false,
        "slyShellFrag1": false,
        "slyShellFrag2": false,
        "slyShellFrag3": false,
        "slyShellFrag4": false,
        "slyVesselFrag1": false,
        "slyVesselFrag2": false,
        "slyVesselFrag3": false,
        "slyVesselFrag4": false,
        "slyNotch1": false,
        "slyNotch2": false,
        "slySimpleKey": false,
        "slyRancidEgg": false,
        "slyConvoNailArt": false,
        "slyConvoMapper": false,
        "slyConvoNailHoned": false,
        "jijiDoorUnlocked": false,
        "jijiMet": false,
        "jijiShadeOffered": false,
        "jijiShadeCharmConvo": false,
        "metJinn": false,
        "jinnConvo1": false,
        "jinnConvo2": false,
        "jinnConvo3": false,
        "jinnConvoKingBrand": false,
        "jinnConvoShadeCharm": false,
        "jinnEggsSold": 0,
        "zote": 0,
        "zoteRescuedBuzzer": false,
        "zoteDead": false,
        "zoteDeathPos": 0,
        "zoteSpokenCity": false,
        "zoteLeftCity": false,
        "zoteTrappedDeepnest": false,
        "zoteRescuedDeepnest": false,
        "zoteDefeated": false,
        "zoteSpokenColosseum": false,
        "zotePrecept": 1,
        "zoteTownConvo": 0,
        "shaman": 6,
        "shamanScreamConvo": false,
        "shamanQuakeConvo": false,
        "shamanFireball2Convo": false,
        "shamanScream2Convo": false,
        "shamanQuake2Convo": false,
        "metMiner": false,
        "miner": 0,
        "minerEarly": 0,
        "hornetGreenpath": 0,
        "hornetFung": 0,
        "hornet_f19": false,
        "hornetFountainEncounter": false,
        "hornetCityBridge_ready": false,
        "hornetCityBridge_completed": false,
        "hornetAbyssEncounter": false,
        "hornetDenEncounter": false,
        "metMoth": false,
        "ignoredMoth": false,
        "gladeDoorOpened": false,
        "mothDeparted": false,
        "completedRGDreamPlant": false,
        "dreamReward1": false,
        "dreamReward2": false,
        "dreamReward3": false,
        "dreamReward4": false,
        "dreamReward5": false,
        "dreamReward5b": false,
        "dreamReward6": false,
        "dreamReward7": false,
        "dreamReward8": false,
        "dreamReward9": false,
        "dreamMothConvo1": false,
        "bankerAccountPurchased": false,
        "metBanker": false,
        "bankerBalance": 0,
        "bankerDeclined": false,
        "bankerTheftCheck": true,
        "bankerTheft": 0,
        "bankerSpaMet": false,
        "metGiraffe": false,
        "metCharmSlug": false,
        "salubraNotch1": false,
        "salubraNotch2": false,
        "salubraNotch3": false,
        "salubraNotch4": false,
        "salubraBlessing": false,
        "salubraConvoCombo": false,
        "salubraConvoOvercharm": false,
        "salubraConvoTruth": false,
        "cultistTransformed": false,
        "metNailsmith": false,
        "nailSmithUpgrades": 0,
        "honedNail": false,
        "nailsmithCliff": false,
        "nailsmithKilled": false,
        "nailsmithSpared": false,
        "nailsmithKillSpeech": false,
        "nailsmithSheo": false,
        "nailsmithConvoArt": false,
        "metNailmasterMato": false,
        "metNailmasterSheo": false,
        "metNailmasterOro": false,
        "matoConvoSheo": false,
        "matoConvoOro": false,
        "matoConvoSly": false,
        "sheoConvoMato": false,
        "sheoConvoOro": false,
        "sheoConvoSly": false,
        "sheoConvoNailsmith": false,
        "oroConvoSheo": false,
        "oroConvoMato": false,
        "oroConvoSly": false,
        "hunterRoared": false,
        "metHunter": false,
        "hunterRewardOffered": false,
        "huntersMarkOffered": false,
        "hasHuntersMark": false,
        "metLegEater": false,
        "paidLegEater": false,
        "refusedLegEater": false,
        "legEaterConvo1": false,
        "legEaterConvo2": false,
        "legEaterConvo3": false,
        "legEaterBrokenConvo": false,
        "legEaterDungConvo": false,
        "legEaterInfectedCrossroadConvo": false,
        "legEaterBoughtConvo": false,
        "legEaterGoldConvo": false,
        "legEaterLeft": false,
        "tukMet": false,
        "tukEggPrice": 0,
        "tukDungEgg": false,
        "metEmilitia": false,
        "emilitiaKingsBrandConvo": false,
        "metCloth": false,
        "clothEnteredTramRoom": false,
        "savedCloth": false,
        "clothEncounteredQueensGarden": false,
        "clothKilled": false,
        "clothInTown": false,
        "clothLeftTown": false,
        "clothGhostSpoken": false,
        "bigCatHitTail": false,
        "bigCatHitTailConvo": false,
        "bigCatMeet": false,
        "bigCatTalk1": false,
        "bigCatTalk2": false,
        "bigCatTalk3": false,
        "bigCatKingsBrandConvo": false,
        "bigCatShadeConvo": false,
        "tisoEncounteredTown": false,
        "tisoEncounteredBench": false,
        "tisoEncounteredLake": false,
        "tisoEncounteredColosseum": false,
        "tisoDead": false,
        "tisoShieldConvo": false,
        "mossCultist": 0,
        "maskmakerMet": false,
        "maskmakerConvo1": false,
        "maskmakerConvo2": false,
        "maskmakerUnmasked1": false,
        "maskmakerUnmasked2": false,
        "maskmakerShadowDash": false,
        "maskmakerKingsBrand": false,
        "dungDefenderConvo1": false,
        "dungDefenderConvo2": false,
        "dungDefenderConvo3": false,
        "dungDefenderCharmConvo": false,
        "dungDefenderIsmaConvo": false,
        "midwifeMet": false,
        "midwifeConvo1": false,
        "midwifeConvo2": false,
        "metQueen": false,
        "queenTalk1": false,
        "queenTalk2": false,
        "queenDung1": false,
        "queenDung2": false,
        "queenHornet": false,
        "queenTalkExtra": false,
        "gotQueenFragment": false,
        "queenConvo_grimm1": false,
        "queenConvo_grimm2": false,
        "gotKingFragment": false,
        "metXun": false,
        "xunFailedConvo1": false,
        "xunFailedConvo2": true,
        "xunFlowerBroken": false,
        "xunFlowerBrokeTimes": 0,
        "xunFlowerGiven": false,
        "xunRewardGiven": false,
        "menderState": 0,
        "menderSignBroken": false,
        "allBelieverTabletsDestroyed": false,
        "mrMushroomState": 0,
        "openedMapperShop": true,
        "openedSlyShop": false,
        "metStag": false,
        "travelling": false,
        "stagPosition": -1,
        "stationsOpened": 0,
        "stagConvoTram": false,
        "stagConvoTiso": false,
        "stagRemember1": false,
        "stagRemember2": false,
        "stagRemember3": false,
        "stagEggInspected": false,
        "stagHopeConvo": false,
        "nextScene": "",
        "littleFoolMet": false,
        "ranAway": false,
        "seenColosseumTitle": false,
        "colosseumBronzeOpened": false,
        "colosseumBronzeCompleted": false,
        "colosseumSilverOpened": false,
        "colosseumSilverCompleted": false,
        "colosseumGoldOpened": false,
        "colosseumGoldCompleted": false,
        "openedTown": true,
        "openedTownBuilding": false,
        "openedCrossroads": false,
        "openedGreenpath": false,
        "openedRuins1": false,
        "openedRuins2": false,
        "openedFungalWastes": false,
        "openedRoyalGardens": false,
        "openedRestingGrounds": false,
        "openedDeepnest": false,
        "openedStagNest": false,
        "openedHiddenStation": false,
        "dreamReturnScene": "Dream_NailCollection",
        "charmSlots": 3,
        "charmSlotsFilled": 0,
        "hasCharm": false,
        "equippedCharms": [],
        "charmBenchMsg": false,
        "charmsOwned": 0,
        "canOvercharm": false,
        "overcharmed": false,
        "gotCharm_1": false,
        "equippedCharm_1": false,
        "charmCost_1": 1,
        "newCharm_1": true,
        "gotCharm_2": false,
        "equippedCharm_2": false,
        "charmCost_2": 1,
        "newCharm_2": true,
        "gotCharm_3": false,
        "equippedCharm_3": false,
        "charmCost_3": 1,
        "newCharm_3": true,
        "gotCharm_4": false,
        "equippedCharm_4": false,
        "charmCost_4": 2,
        "newCharm_4": true,
        "gotCharm_5": false,
        "equippedCharm_5": false,
        "charmCost_5": 2,
        "newCharm_5": true,
        "gotCharm_6": false,
        "equippedCharm_6": false,
        "charmCost_6": 2,
        "newCharm_6": true,
        "gotCharm_7": false,
        "equippedCharm_7": false,
        "charmCost_7": 3,
        "newCharm_7": true,
        "gotCharm_8": false,
        "equippedCharm_8": false,
        "charmCost_8": 2,
        "newCharm_8": true,
        "gotCharm_9": false,
        "equippedCharm_9": false,
        "charmCost_9": 3,
        "newCharm_9": true,
        "gotCharm_10": false,
        "equippedCharm_10": false,
        "charmCost_10": 1,
        "newCharm_10": true,
        "gotCharm_11": false,
        "equippedCharm_11": false,
        "charmCost_11": 2,
        "newCharm_11": true,
        "gotCharm_12": false,
        "equippedCharm_12": false,
        "charmCost_12": 1,
        "newCharm_12": true,
        "gotCharm_13": false,
        "equippedCharm_13": false,
        "charmCost_13": 3,
        "newCharm_13": true,
        "gotCharm_14": false,
        "equippedCharm_14": false,
        "charmCost_14": 1,
        "newCharm_14": true,
        "gotCharm_15": false,
        "equippedCharm_15": false,
        "charmCost_15": 2,
        "newCharm_15": true,
        "gotCharm_16": false,
        "equippedCharm_16": false,
        "charmCost_16": 2,
        "newCharm_16": true,
        "gotCharm_17": false,
        "equippedCharm_17": false,
        "charmCost_17": 1,
        "newCharm_17": true,
        "gotCharm_18": false,
        "equippedCharm_18": false,
        "charmCost_18": 2,
        "newCharm_18": true,
        "gotCharm_19": false,
        "equippedCharm_19": false,
        "charmCost_19": 3,
        "newCharm_19": true,
        "gotCharm_20": false,
        "equippedCharm_20": false,
        "charmCost_20": 2,
        "newCharm_20": true,
        "gotCharm_21": false,
        "equippedCharm_21": false,
        "charmCost_21": 4,
        "newCharm_21": true,
        "gotCharm_22": false,
        "equippedCharm_22": false,
        "charmCost_22": 2,
        "newCharm_22": true,
        "gotCharm_23": false,
        "equippedCharm_23": false,
        "brokenCharm_23": false,
        "charmCost_23": 2,
        "newCharm_23": true,
        "gotCharm_24": false,
        "equippedCharm_24": false,
        "brokenCharm_24": false,
        "charmCost_24": 2,
        "newCharm_24": true,
        "gotCharm_25": false,
        "equippedCharm_25": false,
        "brokenCharm_25": false,
        "charmCost_25": 3,
        "newCharm_25": true,
        "gotCharm_26": false,
        "equippedCharm_26": false,
        "charmCost_26": 1,
        "newCharm_26": true,
        "gotCharm_27": false,
        "equippedCharm_27": false,
        "charmCost_27": 4,
        "newCharm_27": true,
        "gotCharm_28": false,
        "equippedCharm_28": false,
        "charmCost_28": 2,
        "newCharm_28": true,
        "gotCharm_29": false,
        "equippedCharm_29": false,
        "charmCost_29": 4,
        "newCharm_29": true,
        "gotCharm_30": false,
        "equippedCharm_30": false,
        "charmCost_30": 1,
        "newCharm_30": true,
        "gotCharm_31": false,
        "equippedCharm_31": false,
        "charmCost_31": 2,
        "newCharm_31": true,
        "gotCharm_32": false,
        "equippedCharm_32": false,
        "charmCost_32": 3,
        "newCharm_32": true,
        "gotCharm_33": false,
        "equippedCharm_33": false,
        "charmCost_33": 2,
        "newCharm_33": true,
        "gotCharm_34": false,
        "equippedCharm_34": false,
        "charmCost_34": 4,
        "newCharm_34": true,
        "gotCharm_35": false,
        "equippedCharm_35": false,
        "charmCost_35": 3,
        "newCharm_35": true,
        "gotCharm_36": false,
        "equippedCharm_36": false,
        "charmCost_36": 0,
        "newCharm_36": true,
        "gotCharm_37": false,
        "equippedCharm_37": false,
        "charmCost_37": 1,
        "newCharm_37": false,
        "gotCharm_38": false,
        "equippedCharm_38": false,
        "charmCost_38": 3,
        "newCharm_38": false,
        "gotCharm_39": false,
        "equippedCharm_39": false,
        "charmCost_39": 2,
        "newCharm_39": false,
        "gotCharm_40": false,
        "equippedCharm_40": false,
        "charmCost_40": 2,
        "newCharm_40": false,
        "fragileHealth_unbreakable": false,
        "fragileGreed_unbreakable": false,
        "fragileStrength_unbreakable": false,
        "royalCharmState": 0,
        "hasJournal": false,
        "lastJournalItem": 0,
        "killedDummy": false,
        "killsDummy": 0,
        "newDataDummy": false,
        "seenJournalMsg": false,
        "seenHunterMsg": false,
        "fillJournal": false,
        "journalEntriesCompleted": 2,
        "journalNotesCompleted": 3,
        "journalEntriesTotal": 143,
        "killedCrawler": true,
        "killsCrawler": 0,
        "newDataCrawler": false,
        "killedBuzzer": true,
        "killsBuzzer": 43,
        "newDataBuzzer": true,
        "killedBouncer": false,
        "killsBouncer": 30,
        "newDataBouncer": false,
        "killedClimber": false,
        "killsClimber": 30,
        "newDataClimber": false,
        "killedHopper": false,
        "killsHopper": 30,
        "newDataHopper": false,
        "killedWorm": false,
        "killsWorm": 10,
        "newDataWorm": false,
        "killedSpitter": true,
        "killsSpitter": 17,
        "newDataSpitter": true,
        "killedHatcher": false,
        "killsHatcher": 15,
        "newDataHatcher": false,
        "killedHatchling": false,
        "killsHatchling": 30,
        "newDataHatchling": false,
        "killedZombieRunner": true,
        "killsZombieRunner": 34,
        "newDataZombieRunner": true,
        "killedZombieHornhead": true,
        "killsZombieHornhead": 34,
        "newDataZombieHornhead": true,
        "killedZombieLeaper": false,
        "killsZombieLeaper": 35,
        "newDataZombieLeaper": false,
        "killedZombieBarger": true,
        "killsZombieBarger": 34,
        "newDataZombieBarger": true,
        "killedZombieShield": false,
        "killsZombieShield": 25,
        "newDataZombieShield": false,
        "killedZombieGuard": false,
        "killsZombieGuard": 10,
        "newDataZombieGuard": false,
        "killedBigBuzzer": false,
        "killsBigBuzzer": 2,
        "newDataBigBuzzer": false,
        "killedBigFly": false,
        "killsBigFly": 3,
        "newDataBigFly": false,
        "killedMawlek": false,
        "killsMawlek": 1,
        "newDataMawlek": false,
        "killedFalseKnight": false,
        "killsFalseKnight": 1,
        "newDataFalseKnight": false,
        "killedRoller": true,
        "killsRoller": 19,
        "newDataRoller": true,
        "killedBlocker": true,
        "killsBlocker": 0,
        "newDataBlocker": true,
        "killedPrayerSlug": false,
        "killsPrayerSlug": 2,
        "newDataPrayerSlug": false,
        "killedMenderBug": false,
        "killsMenderBug": 1,
        "newDataMenderBug": false,
        "killedMossmanRunner": false,
        "killsMossmanRunner": 25,
        "newDataMossmanRunner": false,
        "killedMossmanShaker": false,
        "killsMossmanShaker": 25,
        "newDataMossmanShaker": false,
        "killedMosquito": false,
        "killsMosquito": 30,
        "newDataMosquito": false,
        "killedBlobFlyer": false,
        "killsBlobFlyer": 20,
        "newDataBlobFlyer": false,
        "killedFungifiedZombie": false,
        "killsFungifiedZombie": 10,
        "newDataFungifiedZombie": false,
        "killedPlantShooter": false,
        "killsPlantShooter": 15,
        "newDataPlantShooter": false,
        "killedMossCharger": false,
        "killsMossCharger": 15,
        "newDataMossCharger": false,
        "killedMegaMossCharger": false,
        "killsMegaMossCharger": 1,
        "newDataMegaMossCharger": false,
        "killedSnapperTrap": false,
        "killsSnapperTrap": 15,
        "newDataSnapperTrap": false,
        "killedMossKnight": false,
        "killsMossKnight": 10,
        "newDataMossKnight": false,
        "killedGrassHopper": false,
        "killsGrassHopper": 15,
        "newDataGrassHopper": false,
        "killedAcidFlyer": false,
        "killsAcidFlyer": 8,
        "newDataAcidFlyer": false,
        "killedAcidWalker": false,
        "killsAcidWalker": 8,
        "newDataAcidWalker": false,
        "killedMossFlyer": false,
        "killsMossFlyer": 30,
        "newDataMossFlyer": false,
        "killedMossKnightFat": false,
        "killsMossKnightFat": 10,
        "newDataMossKnightFat": false,
        "killedMossWalker": false,
        "killsMossWalker": 35,
        "newDataMossWalker": false,
        "killedInfectedKnight": false,
        "killsInfectedKnight": 1,
        "newDataInfectedKnight": false,
        "killedLazyFlyer": false,
        "killsLazyFlyer": 1,
        "newDataLazyFlyer": false,
        "killedZapBug": false,
        "killsZapBug": 1,
        "newDataZapBug": false,
        "killedJellyfish": false,
        "killsJellyfish": 12,
        "newDataJellyfish": false,
        "killedJellyCrawler": false,
        "killsJellyCrawler": 25,
        "newDataJellyCrawler": false,
        "killedMegaJellyfish": false,
        "killsMegaJellyfish": 1,
        "newDataMegaJellyfish": false,
        "killedFungoonBaby": false,
        "killsFungoonBaby": 35,
        "newDataFungoonBaby": false,
        "killedMushroomTurret": false,
        "killsMushroomTurret": 20,
        "newDataMushroomTurret": false,
        "killedMantis": false,
        "killsMantis": 25,
        "newDataMantis": false,
        "killedMushroomRoller": false,
        "killsMushroomRoller": 30,
        "newDataMushroomRoller": false,
        "killedMushroomBrawler": false,
        "killsMushroomBrawler": 8,
        "newDataMushroomBrawler": false,
        "killedMushroomBaby": false,
        "killsMushroomBaby": 20,
        "newDataMushroomBaby": false,
        "killedMantisFlyerChild": false,
        "killsMantisFlyerChild": 25,
        "newDataMantisFlyerChild": false,
        "killedFungusFlyer": false,
        "killsFungusFlyer": 20,
        "newDataFungusFlyer": false,
        "killedFungCrawler": false,
        "killsFungCrawler": 15,
        "newDataFungCrawler": false,
        "killedMantisLord": false,
        "killsMantisLord": 1,
        "newDataMantisLord": false,
        "killedBlackKnight": false,
        "killsBlackKnight": 10,
        "newDataBlackKnight": false,
        "killedElectricMage": false,
        "killsElectricMage": 6,
        "newDataElectricMage": false,
        "killedMage": false,
        "killsMage": 20,
        "newDataMage": false,
        "killedMageKnight": false,
        "killsMageKnight": 2,
        "newDataMageKnight": false,
        "killedRoyalDandy": false,
        "killsRoyalDandy": 25,
        "newDataRoyalDandy": false,
        "killedRoyalCoward": false,
        "killsRoyalCoward": 25,
        "newDataRoyalCoward": false,
        "killedRoyalPlumper": false,
        "killsRoyalPlumper": 25,
        "newDataRoyalPlumper": false,
        "killedFlyingSentrySword": false,
        "killsFlyingSentrySword": 35,
        "newDataFlyingSentrySword": false,
        "killedFlyingSentryJavelin": false,
        "killsFlyingSentryJavelin": 30,
        "newDataFlyingSentryJavelin": false,
        "killedSentry": false,
        "killsSentry": 30,
        "newDataSentry": false,
        "killedSentryFat": false,
        "killsSentryFat": 20,
        "newDataSentryFat": false,
        "killedMageBlob": false,
        "killsMageBlob": 25,
        "newDataMageBlob": false,
        "killedGreatShieldZombie": false,
        "killsGreatShieldZombie": 10,
        "newDataGreatShieldZombie": false,
        "killedJarCollector": false,
        "killsJarCollector": 1,
        "newDataJarCollector": false,
        "killedMageBalloon": false,
        "killsMageBalloon": 15,
        "newDataMageBalloon": false,
        "killedMageLord": false,
        "killsMageLord": 1,
        "newDataMageLord": false,
        "killedGorgeousHusk": false,
        "killsGorgeousHusk": 1,
        "newDataGorgeousHusk": false,
        "killedFlipHopper": false,
        "killsFlipHopper": 20,
        "newDataFlipHopper": false,
        "killedFlukeman": false,
        "killsFlukeman": 20,
        "newDataFlukeman": false,
        "killedInflater": false,
        "killsInflater": 20,
        "newDataInflater": false,
        "killedFlukefly": false,
        "killsFlukefly": 15,
        "newDataFlukefly": false,
        "killedFlukeMother": false,
        "killsFlukeMother": 1,
        "newDataFlukeMother": false,
        "killedDungDefender": false,
        "killsDungDefender": 1,
        "newDataDungDefender": false,
        "killedCrystalCrawler": false,
        "killsCrystalCrawler": 15,
        "newDataCrystalCrawler": false,
        "killedCrystalFlyer": false,
        "killsCrystalFlyer": 20,
        "newDataCrystalFlyer": false,
        "killedLaserBug": false,
        "killsLaserBug": 15,
        "newDataLaserBug": false,
        "killedBeamMiner": false,
        "killsBeamMiner": 15,
        "newDataBeamMiner": false,
        "killedZombieMiner": false,
        "killsZombieMiner": 20,
        "newDataZombieMiner": false,
        "killedMegaBeamMiner": false,
        "killsMegaBeamMiner": 2,
        "newDataMegaBeamMiner": false,
        "killedMinesCrawler": false,
        "killsMinesCrawler": 15,
        "newDataMinesCrawler": false,
        "killedAngryBuzzer": false,
        "killsAngryBuzzer": 15,
        "newDataAngryBuzzer": false,
        "killedBurstingBouncer": false,
        "killsBurstingBouncer": 15,
        "newDataBurstingBouncer": false,
        "killedBurstingZombie": false,
        "killsBurstingZombie": 15,
        "newDataBurstingZombie": false,
        "killedSpittingZombie": false,
        "killsSpittingZombie": 15,
        "newDataSpittingZombie": false,
        "killedBabyCentipede": false,
        "killsBabyCentipede": 35,
        "newDataBabyCentipede": false,
        "killedBigCentipede": false,
        "killsBigCentipede": 10,
        "newDataBigCentipede": false,
        "killedCentipedeHatcher": false,
        "killsCentipedeHatcher": 15,
        "newDataCentipedeHatcher": false,
        "killedLesserMawlek": false,
        "killsLesserMawlek": 10,
        "newDataLesserMawlek": false,
        "killedSlashSpider": false,
        "killsSlashSpider": 15,
        "newDataSlashSpider": false,
        "killedSpiderCorpse": false,
        "killsSpiderCorpse": 20,
        "newDataSpiderCorpse": false,
        "killedShootSpider": false,
        "killsShootSpider": 20,
        "newDataShootSpider": false,
        "killedMiniSpider": false,
        "killsMiniSpider": 25,
        "newDataMiniSpider": false,
        "killedSpiderFlyer": false,
        "killsSpiderFlyer": 20,
        "newDataSpiderFlyer": false,
        "killedMimicSpider": false,
        "killsMimicSpider": 1,
        "newDataMimicSpider": false,
        "killedBeeHatchling": false,
        "killsBeeHatchling": 30,
        "newDataBeeHatchling": false,
        "killedBeeStinger": false,
        "killsBeeStinger": 15,
        "newDataBeeStinger": false,
        "killedBigBee": false,
        "killsBigBee": 12,
        "newDataBigBee": false,
        "killedBlowFly": false,
        "killsBlowFly": 20,
        "newDataBlowFly": false,
        "killedCeilingDropper": false,
        "killsCeilingDropper": 15,
        "newDataCeilingDropper": false,
        "killedGiantHopper": false,
        "killsGiantHopper": 10,
        "newDataGiantHopper": false,
        "killedGrubMimic": false,
        "killsGrubMimic": 5,
        "newDataGrubMimic": false,
        "killedMawlekTurret": false,
        "killsMawlekTurret": 10,
        "newDataMawlekTurret": false,
        "killedOrangeScuttler": false,
        "killsOrangeScuttler": 20,
        "newDataOrangeScuttler": false,
        "killedHealthScuttler": false,
        "killsHealthScuttler": 10,
        "newDataHealthScuttler": false,
        "killedPigeon": false,
        "killsPigeon": 15,
        "newDataPigeon": false,
        "killedZombieHive": false,
        "killsZombieHive": 10,
        "newDataZombieHive": false,
        "killedDreamGuard": false,
        "killsDreamGuard": 20,
        "newDataDreamGuard": false,
        "killedHornet": false,
        "killsHornet": 2,
        "newDataHornet": false,
        "killedAbyssCrawler": false,
        "killsAbyssCrawler": 20,
        "newDataAbyssCrawler": false,
        "killedSuperSpitter": false,
        "killsSuperSpitter": 25,
        "newDataSuperSpitter": false,
        "killedSibling": false,
        "killsSibling": 35,
        "newDataSibling": false,
        "killedPalaceFly": false,
        "killsPalaceFly": 10,
        "newDataPalaceFly": false,
        "killedEggSac": false,
        "killsEggSac": 5,
        "newDataEggSac": false,
        "killedMummy": false,
        "killsMummy": 10,
        "newDataMummy": false,
        "killedOrangeBalloon": false,
        "killsOrangeBalloon": 10,
        "newDataOrangeBalloon": false,
        "killedAbyssTendril": false,
        "killsAbyssTendril": 10,
        "newDataAbyssTendril": false,
        "killedHeavyMantis": false,
        "killsHeavyMantis": 15,
        "newDataHeavyMantis": false,
        "killedTraitorLord": false,
        "killsTraitorLord": 1,
        "newDataTraitorLord": false,
        "killedMantisHeavyFlyer": false,
        "killsMantisHeavyFlyer": 20,
        "newDataMantisHeavyFlyer": false,
        "killedGardenZombie": false,
        "killsGardenZombie": 20,
        "newDataGardenZombie": false,
        "killedRoyalGuard": false,
        "killsRoyalGuard": 2,
        "newDataRoyalGuard": false,
        "killedWhiteRoyal": false,
        "killsWhiteRoyal": 10,
        "newDataWhiteRoyal": false,
        "openedPalaceGrounds": false,
        "killedOblobble": false,
        "killsOblobble": 3,
        "newDataOblobble": false,
        "killedZote": false,
        "killsZote": 1,
        "newDataZote": false,
        "killedBlobble": false,
        "killsBlobble": 15,
        "newDataBlobble": false,
        "killedColMosquito": false,
        "killsColMosquito": 15,
        "newDataColMosquito": false,
        "killedColRoller": false,
        "killsColRoller": 20,
        "newDataColRoller": false,
        "killedColFlyingSentry": false,
        "killsColFlyingSentry": 25,
        "newDataColFlyingSentry": false,
        "killedColMiner": false,
        "killsColMiner": 25,
        "newDataColMiner": false,
        "killedColShield": false,
        "killsColShield": 25,
        "newDataColShield": false,
        "killedColWorm": false,
        "killsColWorm": 20,
        "newDataColWorm": false,
        "killedColHopper": false,
        "killsColHopper": 15,
        "newDataColHopper": false,
        "killedLobsterLancer": false,
        "killsLobsterLancer": 1,
        "newDataLobsterLancer": false,
        "killedGhostAladar": false,
        "killsGhostAladar": 1,
        "newDataGhostAladar": false,
        "killedGhostXero": false,
        "killsGhostXero": 1,
        "newDataGhostXero": false,
        "killedGhostHu": false,
        "killsGhostHu": 1,
        "newDataGhostHu": false,
        "killedGhostMarmu": false,
        "killsGhostMarmu": 1,
        "newDataGhostMarmu": false,
        "killedGhostNoEyes": false,
        "killsGhostNoEyes": 1,
        "newDataGhostNoEyes": false,
        "killedGhostMarkoth": false,
        "killsGhostMarkoth": 1,
        "newDataGhostMarkoth": false,
        "killedGhostGalien": false,
        "killsGhostGalien": 1,
        "newDataGhostGalien": false,
        "killedWhiteDefender": false,
        "killsWhiteDefender": 1,
        "newDataWhiteDefender": false,
        "killedGreyPrince": false,
        "killsGreyPrince": 1,
        "newDataGreyPrince": false,
        "killedZotelingBalloon": false,
        "killsZotelingBalloon": 1,
        "newDataZotelingBalloon": false,
        "killedZotelingHopper": false,
        "killsZotelingHopper": 1,
        "newDataZotelingHopper": false,
        "killedZotelingBuzzer": false,
        "killsZotelingBuzzer": 1,
        "newDataZotelingBuzzer": false,
        "killedHollowKnight": false,
        "killsHollowKnight": 1,
        "newDataHollowKnight": false,
        "killedFinalBoss": false,
        "killsFinalBoss": 1,
        "newDataFinalBoss": false,
        "killedHunterMark": false,
        "killsHunterMark": 1,
        "newDataHunterMark": false,
        "killedFlameBearerSmall": false,
        "killsFlameBearerSmall": 3,
        "newDataFlameBearerSmall": false,
        "killedFlameBearerMed": false,
        "killsFlameBearerMed": 4,
        "newDataFlameBearerMed": false,
        "killedFlameBearerLarge": false,
        "killsFlameBearerLarge": 5,
        "newDataFlameBearerLarge": false,
        "killedGrimm": false,
        "killsGrimm": 1,
        "newDataGrimm": false,
        "killedNightmareGrimm": false,
        "killsNightmareGrimm": 1,
        "newDataNightmareGrimm": false,
        "killedBindingSeal": false,
        "killsBindingSeal": 1,
        "newDataBindingSeal": false,
        "grubsCollected": 0,
        "grubRewards": 0,
        "finalGrubRewardCollected": false,
        "fatGrubKing": false,
        "falseKnightDefeated": false,
        "falseKnightDreamDefeated": false,
        "falseKnightOrbsCollected": false,
        "mawlekDefeated": false,
        "giantBuzzerDefeated": false,
        "giantFlyDefeated": false,
        "blocker1Defeated": false,
        "blocker2Defeated": false,
        "hornet1Defeated": false,
        "collectorDefeated": false,
        "hornetOutskirtsDefeated": false,
        "mageLordDreamDefeated": false,
        "mageLordOrbsCollected": false,
        "infectedKnightDreamDefeated": false,
        "infectedKnightOrbsCollected": false,
        "whiteDefenderDefeated": false,
        "whiteDefenderOrbsCollected": false,
        "whiteDefenderDefeats": 0,
        "greyPrinceDefeats": 0,
        "greyPrinceDefeated": false,
        "greyPrinceOrbsCollected": false,
        "aladarSlugDefeated": 0,
        "xeroDefeated": 0,
        "elderHuDefeated": 0,
        "mumCaterpillarDefeated": 0,
        "noEyesDefeated": 0,
        "markothDefeated": 0,
        "galienDefeated": 0,
        "XERO_encountered": false,
        "ALADAR_encountered": false,
        "HU_encountered": false,
        "MUMCAT_encountered": false,
        "NOEYES_encountered": false,
        "MARKOTH_encountered": false,
        "GALIEN_encountered": false,
        "xeroPinned": false,
        "aladarPinned": false,
        "huPinned": false,
        "mumCaterpillarPinned": false,
        "noEyesPinned": false,
        "markothPinned": false,
        "galienPinned": false,
        "currentInvPane": 0,
        "showGeoUI": false,
        "showHealthUI": false,
        "promptFocus": false,
        "seenFocusTablet": false,
        "seenDreamNailPrompt": false,
        "isFirstGame": false,
        "enteredTutorialFirstTime": true,
        "isInvincible": false,
        "infiniteAirJump": false,
        "invinciTest": false,
        "currentArea": 2,
        "visitedDirtmouth": true,
        "visitedCrossroads": true,
        "visitedGreenpath": false,
        "visitedFungus": false,
        "visitedHive": false,
        "visitedCrossroadsInfected": false,
        "visitedRuins": false,
        "visitedMines": false,
        "visitedRoyalGardens": false,
        "visitedFogCanyon": false,
        "visitedDeepnest": false,
        "visitedRestingGrounds": false,
        "visitedWaterways": false,
        "visitedAbyss": false,
        "visitedOutskirts": false,
        "visitedWhitePalace": false,
        "visitedCliffs": true,
        "visitedAbyssLower": false,
        "visitedMines10": false,
        "scenesVisited": [
            "Prologue_Excerpt",
            "Intro_Cutscene_Prologue",
            "Intro_Cutscene",
            "Tutorial_01",
            "Cliffs_02",
            "Room_nailmaster",
            "Town",
            "Crossroads_01",
            "Crossroads_07",
            "Crossroads_33",
            "Crossroads_08",
            "Crossroads_13",
            "Crossroads_42",
            "Crossroads_19",
            "Crossroads_03",
            "Crossroads_21",
            "Crossroads_10",
            "Crossroads_06",
            "Crossroads_ShamanTemple"
        ],
        "scenesMapped": [
            "Cinematic_Stag_travel",
            "Room_Town_Stag_Station",
            "Room_Charm_Shop",
            "Room_Mender_House",
            "Room_mapper",
            "Room_nailmaster",
            "Room_nailmaster_02",
            "Room_nailmaster_03",
            "Room_shop",
            "Room_nailsmith",
            "Room_temple",
            "Room_ruinhouse",
            "Room_Mansion",
            "Room_Tram",
            "Room_Tram_RG",
            "Room_Bretta",
            "Room_Fungus_Shaman",
            "Room_Ouiji",
            "Room_Jinn",
            "Room_Colosseum_01",
            "Room_Colosseum_02",
            "Room_Colosseum_03",
            "Room_Colosseum_Bronze",
            "Room_Colosseum_Silver",
            "Room_Colosseum_Gold",
            "Room_Slug_Shrine",
            "Crossroads_ShamanTemple",
            "Ruins_House_01",
            "Ruins_House_02",
            "Ruins_House_03",
            "Fungus1_35",
            "Fungus1_36",
            "Fungus3_archive",
            "Fungus3_archive_02",
            "Cliffs_03",
            "RestingGrounds_07",
            "Deepnest_45_v02",
            "Deepnest_Spider_Town",
            "Room_spider_small",
            "Room_Wyrm",
            "Abyss_Lighthouse_room",
            "Room_Queen",
            "White_Palace_01",
            "White_Palace_02",
            "White_Palace_03_hub",
            "White_Palace_04",
            "White_Palace_05",
            "White_Palace_06",
            "White_Palace_07",
            "White_Palace_08",
            "White_Palace_09",
            "White_Palace_11",
            "White_Palace_12",
            "White_Palace_13",
            "White_Palace_14",
            "White_Palace_15",
            "White_Palace_16",
            "Dream_Nailcollection",
            "Dream_01_False_Knight",
            "Dream_03_Infected_Knight",
            "Dream_02_Mage_Lord",
            "Dream_Guardian",
            "Dream_Guardian_Hegemol",
            "Dream_Guardian_Lurien",
            "Dream_Guardian_Monomon",
            "Cutscene_Boss_Door",
            "Dream_Backer_Shrine",
            "Dream_Room_Believer_Shrine",
            "Dream_Abyss",
            "Dream_Final_Boss",
            "Room_Final_Boss_Atrium",
            "Room_Final_Boss_Core",
            "Cinematic_Ending_A",
            "Cinematic_Ending_B",
            "Cinematic_Ending_C",
            "End_Credits",
            "Cinematic_MrMushroom",
            "End_Game_Completion",
            "PermaDeath",
            "PermaDeath_Unlock",
            "Deepnest_East_17"
        ],
        "scenesEncounteredBench": [],
        "scenesGrubRescued": [],
        "scenesFlameCollected": [],
        "scenesEncounteredCocoon": [],
        "scenesEncounteredDreamPlant": [],
        "scenesEncounteredDreamPlantC": [],
        "hasMap": false,
        "mapAllRooms": false,
        "atMapPrompt": false,
        "mapDirtmouth": true,
        "mapCrossroads": false,
        "mapGreenpath": false,
        "mapFogCanyon": false,
        "mapRoyalGardens": false,
        "mapFungalWastes": false,
        "mapCity": false,
        "mapWaterways": false,
        "mapMines": false,
        "mapDeepnest": false,
        "mapCliffs": false,
        "mapOutskirts": false,
        "mapRestingGrounds": false,
        "mapAbyss": false,
        "hasPin": false,
        "hasPinBench": false,
        "hasPinCocoon": false,
        "hasPinDreamPlant": false,
        "hasPinGuardian": false,
        "hasPinBlackEgg": false,
        "hasPinShop": false,
        "hasPinSpa": false,
        "hasPinStag": false,
        "hasPinTram": false,
        "hasPinGhost": false,
        "hasPinGrub": false,
        "environmentType": 0,
        "environmentTypeDefault": 0,
        "previousDarkness": 0,
        "openedTramLower": false,
        "openedTramRestingGrounds": false,
        "tramLowerPosition": 0,
        "tramRestingGroundsPosition": 0,
        "mineLiftOpened": false,
        "menderDoorOpened": false,
        "vesselFragStagNest": false,
        "shamanPillar": true,
        "crossroadsMawlekWall": false,
        "eggTempleVisited": false,
        "crossroadsInfected": false,
        "falseKnightFirstPlop": false,
        "falseKnightWallRepaired": false,
        "falseKnightWallBroken": false,
        "falseKnightGhostDeparted": false,
        "spaBugsEncountered": false,
        "hornheadVinePlat": false,
        "infectedKnightEncountered": false,
        "megaMossChargerEncountered": false,
        "megaMossChargerDefeated": false,
        "dreamerScene1": false,
        "slugEncounterComplete": false,
        "defeatedDoubleBlockers": false,
        "oneWayArchive": false,
        "defeatedMegaJelly": false,
        "summonedMonomon": false,
        "sawWoundedQuirrel": false,
        "encounteredMegaJelly": false,
        "defeatedMantisLords": false,
        "encounteredGatekeeper": false,
        "deepnestWall": false,
        "queensStationNonDisplay": false,
        "cityBridge1": false,
        "cityBridge2": false,
        "cityLift1": false,
        "cityLift1_isUp": false,
        "liftArrival": false,
        "openedMageDoor": false,
        "openedMageDoor_v2": false,
        "brokenMageWindow": false,
        "brokenMageWindowGlass": false,
        "mageLordEncountered": false,
        "mageLordEncountered_2": false,
        "mageLordDefeated": false,
        "ruins1_5_tripleDoor": false,
        "openedCityGate": false,
        "cityGateClosed": false,
        "bathHouseOpened": false,
        "bathHouseWall": false,
        "cityLift2": true,
        "cityLift2_isUp": false,
        "city2_sewerDoor": false,
        "openedLoveDoor": false,
        "watcherChandelier": false,
        "completedQuakeArea": false,
        "kingsStationNonDisplay": false,
        "tollBenchCity": false,
        "waterwaysGate": false,
        "defeatedDungDefender": false,
        "dungDefenderEncounterReady": false,
        "flukeMotherEncountered": false,
        "flukeMotherDefeated": false,
        "openedWaterwaysManhole": false,
        "waterwaysAcidDrained": false,
        "dungDefenderWallBroken": false,
        "dungDefenderSleeping": false,
        "defeatedMegaBeamMiner": false,
        "defeatedMegaBeamMiner2": false,
        "brokeMinersWall": false,
        "encounteredMimicSpider": false,
        "steppedBeyondBridge": false,
        "deepnestBridgeCollapsed": false,
        "spiderCapture": false,
        "openedRestingGrounds02": false,
        "restingGroundsCryptWall": false,
        "dreamNailConvo": false,
        "gladeGhostsKilled": 0,
        "openedGardensStagStation": false,
        "extendedGramophone": false,
        "tollBenchQueensGardens": false,
        "blizzardEnded": false,
        "encounteredHornet": false,
        "savedByHornet": false,
        "outskirtsWall": false,
        "abyssGateOpened": false,
        "abyssLighthouse": false,
        "blueVineDoor": false,
        "gotShadeCharm": false,
        "tollBenchAbyss": false,
        "fountainGeo": 0,
        "fountainVesselSummoned": false,
        "openedBlackEggPath": false,
        "enteredDreamWorld": false,
        "duskKnightDefeated": false,
        "whitePalaceOrb_1": false,
        "whitePalaceOrb_2": false,
        "whitePalaceOrb_3": false,
        "whitePalace05_lever": false,
        "whitePalaceMidWarp": false,
        "whitePalaceSecretRoomVisited": false,
        "tramOpenedDeepnest": false,
        "tramOpenedCrossroads": false,
        "openedBlackEggDoor": false,
        "unchainedHollowKnight": false,
        "flamesCollected": 0,
        "flamesRequired": 3,
        "nightmareLanternAppeared": false,
        "nightmareLanternLit": false,
        "troupeInTown": false,
        "divineInTown": false,
        "grimmChildLevel": 1,
        "elderbugConvoGrimm": false,
        "slyConvoGrimm": false,
        "iseldaConvoGrimm": false,
        "midwifeWeaverlingConvo": false,
        "metGrimm": false,
        "foughtGrimm": false,
        "metBrum": false,
        "defeatedNightmareGrimm": false,
        "grimmchildAwoken": false,
        "gotBrummsFlame": false,
        "brummBrokeBrazier": false,
        "destroyedNightmareLantern": false,
        "gotGrimmNotch": false,
        "nymmInTown": false,
        "nymmSpoken": false,
        "nymmCharmConvo": false,
        "nymmFinalConvo": false,
        "elderbugNymmConvo": false,
        "slyNymmConvo": false,
        "iseldaNymmConvo": false,
        "nymmMissedEggOpen": false,
        "elderbugTroupeLeftConvo": false,
        "elderbugBrettaLeft": false,
        "jijiGrimmConvo": false,
        "metDivine": false,
        "divineFinalConvo": false,
        "gaveFragileHeart": false,
        "gaveFragileGreed": false,
        "gaveFragileStrength": false,
        "divineEatenConvos": 0,
        "pooedFragileHeart": false,
        "pooedFragileGreed": false,
        "pooedFragileStrength": false,
        "completionPercentage": 1.0,
        "disablePause": false,
        "backerCredits": false,
        "unlockedCompletionRate": false,
        "mapKeyPref": 0,
        "playerStory": [],
        "playerStoryOutput": "",
        "betaEnd": false,
        "newDatTraitorLord": false
    },
    "savedSd": {
        "geoRocks": [
            {
                "id": "Geo Rock 4",
                "sceneName": "Tutorial_01",
                "hitsLeft": 5
            },
            {
                "id": "Geo Rock 1",
                "sceneName": "Tutorial_01",
                "hitsLeft": 5
            },
            {
                "id": "Geo Rock 3",
                "sceneName": "Tutorial_01",
                "hitsLeft": 5
            },
            {
                "id": "Geo Rock 2",
                "sceneName": "Tutorial_01",
                "hitsLeft": 4
            },
            {
                "id": "Geo Rock 5",
                "sceneName": "Tutorial_01",
                "hitsLeft": 5
            },
            {
                "id": "Geo Rock 1",
                "sceneName": "Cliffs_02",
                "hitsLeft": 5
            },
            {
                "id": "Geo Rock 1 (1)",
                "sceneName": "Cliffs_02",
                "hitsLeft": 5
            },
            {
                "id": "Geo Rock 2",
                "sceneName": "Crossroads_01",
                "hitsLeft": 3
            },
            {
                "id": "Geo Rock 1 (2)",
                "sceneName": "Crossroads_07",
                "hitsLeft": 5
            },
            {
                "id": "Geo Rock 1 (1)",
                "sceneName": "Crossroads_07",
                "hitsLeft": 5
            },
            {
                "id": "Geo Rock 1",
                "sceneName": "Crossroads_07",
                "hitsLeft": 5
            },
            {
                "id": "Geo Rock 1 (1)",
                "sceneName": "Crossroads_08",
                "hitsLeft": 6
            },
            {
                "id": "Geo Rock 1 (3)",
                "sceneName": "Crossroads_08",
                "hitsLeft": 6
            },
            {
                "id": "Geo Rock 1 (2)",
                "sceneName": "Crossroads_08",
                "hitsLeft": 6
            },
            {
                "id": "Geo Rock 1",
                "sceneName": "Crossroads_08",
                "hitsLeft": 5
            },
            {
                "id": "Geo Rock 1",
                "sceneName": "Crossroads_13",
                "hitsLeft": 5
            },
            {
                "id": "Geo Rock 2",
                "sceneName": "Crossroads_13",
                "hitsLeft": 5
            },
            {
                "id": "Geo Rock 1",
                "sceneName": "Crossroads_42",
                "hitsLeft": 5
            },
            {
                "id": "Geo Rock 2",
                "sceneName": "Crossroads_42",
                "hitsLeft": 5
            },
            {
                "id": "Geo Rock 1",
                "sceneName": "Crossroads_19",
                "hitsLeft": 5
            },
            {
                "id": "Geo Rock 1",
                "sceneName": "Crossroads_21",
                "hitsLeft": 5
            },
            {
                "id": "Geo Rock 1",
                "sceneName": "Crossroads_10",
                "hitsLeft": 5
            },
            {
                "id": "Geo Rock 2",
                "sceneName": "Crossroads_ShamanTemple",
                "hitsLeft": 5
            },
            {
                "id": "Geo Rock 1",
                "sceneName": "Crossroads_ShamanTemple",
                "hitsLeft": 5
            },
            {
                "id": "Geo Rock 2 (1)",
                "sceneName": "Crossroads_ShamanTemple",
                "hitsLeft": 5
            }
        ],
        "persistentBoolItems": [
            {
                "id": "Health Cocoon",
                "sceneName": "Tutorial_01",
                "activated": false,
                "semiPersistent": true
            },
            {
                "id": "fury charm_remask",
                "sceneName": "Tutorial_01",
                "activated": false,
                "semiPersistent": false
            },
            {
                "id": "inverse_remask_right",
                "sceneName": "Tutorial_01",
                "activated": false,
                "semiPersistent": false
            },
            {
                "id": "Collapser Tute 01",
                "sceneName": "Tutorial_01",
                "activated": true,
                "semiPersistent": false
            },
            {
                "id": "Chest",
                "sceneName": "Tutorial_01",
                "activated": false,
                "semiPersistent": false
            },
            {
                "id": "Secret Mask",
                "sceneName": "Tutorial_01",
                "activated": true,
                "semiPersistent": false
            },
            {
                "id": "Tute Door 6",
                "sceneName": "Tutorial_01",
                "activated": false,
                "semiPersistent": false
            },
            {
                "id": "Tute Door 7",
                "sceneName": "Tutorial_01",
                "activated": true,
                "semiPersistent": false
            },
            {
                "id": "Interact Reminder",
                "sceneName": "Tutorial_01",
                "activated": false,
                "semiPersistent": false
            },
            {
                "id": "Tute Door 3",
                "sceneName": "Tutorial_01",
                "activated": false,
                "semiPersistent": false
            },
            {
                "id": "Secret Sound Region (1)",
                "sceneName": "Tutorial_01",
                "activated": false,
                "semiPersistent": false
            },
            {
                "id": "Break Floor 1",
                "sceneName": "Tutorial_01",
                "activated": true,
                "semiPersistent": false
            },
            {
                "id": "Tute Door 4",
                "sceneName": "Tutorial_01",
                "activated": false,
                "semiPersistent": false
            },
            {
                "id": "Tute Door 1",
                "sceneName": "Tutorial_01",
                "activated": false,
                "semiPersistent": false
            },
            {
                "id": "Tute Door 2",
                "sceneName": "Tutorial_01",
                "activated": false,
                "semiPersistent": false
            },
            {
                "id": "Secret Sound Region",
                "sceneName": "Tutorial_01",
                "activated": true,
                "semiPersistent": false
            },
            {
                "id": "Door",
                "sceneName": "Tutorial_01",
                "activated": true,
                "semiPersistent": false
            },
            {
                "id": "Initial Fall Impact",
                "sceneName": "Tutorial_01",
                "activated": true,
                "semiPersistent": false
            },
            {
                "id": "Inverse Remasker",
                "sceneName": "Tutorial_01",
                "activated": true,
                "semiPersistent": false
            },
            {
                "id": "Tute Door 5",
                "sceneName": "Tutorial_01",
                "activated": false,
                "semiPersistent": false
            },
            {
                "id": "Inverse Remasker",
                "sceneName": "Cliffs_02",
                "activated": true,
                "semiPersistent": false
            },
            {
                "id": "Remasker",
                "sceneName": "Cliffs_02",
                "activated": false,
                "semiPersistent": false
            },
            {
                "id": "Remasker (2)",
                "sceneName": "Cliffs_02",
                "activated": true,
                "semiPersistent": false
            },
            {
                "id": "Zombie Hornhead",
                "sceneName": "Cliffs_02",
                "activated": false,
                "semiPersistent": true
            },
            {
                "id": "Secret Mask (2)",
                "sceneName": "Cliffs_02",
                "activated": true,
                "semiPersistent": false
            },
            {
                "id": "Remasker (1)",
                "sceneName": "Cliffs_02",
                "activated": false,
                "semiPersistent": false
            },
            {
                "id": "Zombie Barger",
                "sceneName": "Cliffs_02",
                "activated": false,
                "semiPersistent": true
            },
            {
                "id": "One Way Wall",
                "sceneName": "Cliffs_02",
                "activated": false,
                "semiPersistent": false
            },
            {
                "id": "Remasker (2)",
                "sceneName": "Room_nailmaster",
                "activated": false,
                "semiPersistent": false
            },
            {
                "id": "Remasker (1)",
                "sceneName": "Room_nailmaster",
                "activated": true,
                "semiPersistent": false
            },
            {
                "id": "Remasker",
                "sceneName": "Room_nailmaster",
                "activated": false,
                "semiPersistent": false
            },
            {
                "id": "Mines Lever",
                "sceneName": "Town",
                "activated": false,
                "semiPersistent": false
            },
            {
                "id": "Death Respawn Trigger",
                "sceneName": "Town",
                "activated": true,
                "semiPersistent": false
            },
            {
                "id": "Death Respawn Trigger 1",
                "sceneName": "Town",
                "activated": true,
                "semiPersistent": false
            },
            {
                "id": "Ghost NPC",
                "sceneName": "Town",
                "activated": false,
                "semiPersistent": false
            },
            {
                "id": "Door Destroyer",
                "sceneName": "Town",
                "activated": true,
                "semiPersistent": false
            },
            {
                "id": "Shiny Item",
                "sceneName": "Crossroads_01",
                "activated": false,
                "semiPersistent": false
            },
            {
                "id": "Zombie Runner 1",
                "sceneName": "Crossroads_01",
                "activated": false,
                "semiPersistent": true
            },
            {
                "id": "Zombie Runner",
                "sceneName": "Crossroads_01",
                "activated": false,
                "semiPersistent": true
            },
            {
                "id": "Secret Mask",
                "sceneName": "Crossroads_01",
                "activated": false,
                "semiPersistent": false
            },
            {
                "id": "Dream Plant Orb (9)",
                "sceneName": "Crossroads_07",
                "activated": false,
                "semiPersistent": false
            },
            {
                "id": "Remasker",
                "sceneName": "Crossroads_07",
                "activated": false,
                "semiPersistent": false
            },
            {
                "id": "Tute Door 1",
                "sceneName": "Crossroads_07",
                "activated": false,
                "semiPersistent": false
            },
            {
                "id": "Dream Plant Orb (25)",
                "sceneName": "Crossroads_07",
                "activated": false,
                "semiPersistent": false
            },
            {
                "id": "Dream Plant Orb (20)",
                "sceneName": "Crossroads_07",
                "activated": false,
                "semiPersistent": false
            },
            {
                "id": "Dream Plant Orb (23)",
                "sceneName": "Crossroads_07",
                "activated": false,
                "semiPersistent": false
            },
            {
                "id": "Dream Plant Orb (18)",
                "sceneName": "Crossroads_07",
                "activated": false,
                "semiPersistent": false
            },
            {
                "id": "Dream Plant",
                "sceneName": "Crossroads_07",
                "activated": false,
                "semiPersistent": false
            },
            {
                "id": "Dream Plant Orb (19)",
                "sceneName": "Crossroads_07",
                "activated": false,
                "semiPersistent": false
            },
            {
                "id": "Dream Plant Orb (1)",
                "sceneName": "Crossroads_07",
                "activated": false,
                "semiPersistent": false
            },
            {
                "id": "Dream Plant Orb (4)",
                "sceneName": "Crossroads_07",
                "activated": false,
                "semiPersistent": false
            },
            {
                "id": "Dream Plant Orb (3)",
                "sceneName": "Crossroads_07",
                "activated": false,
                "semiPersistent": false
            },
            {
                "id": "Dream Plant Orb (15)",
                "sceneName": "Crossroads_07",
                "activated": false,
                "semiPersistent": false
            },
            {
                "id": "Dream Plant Orb (2)",
                "sceneName": "Crossroads_07",
                "activated": false,
                "semiPersistent": false
            },
            {
                "id": "Dream Plant Orb (10)",
                "sceneName": "Crossroads_07",
                "activated": false,
                "semiPersistent": false
            },
            {
                "id": "Dream Plant Orb (13)",
                "sceneName": "Crossroads_07",
                "activated": false,
                "semiPersistent": false
            },
            {
                "id": "Dream Plant Orb (28)",
                "sceneName": "Crossroads_07",
                "activated": false,
                "semiPersistent": false
            },
            {
                "id": "Dream Plant Orb (12)",
                "sceneName": "Crossroads_07",
                "activated": false,
                "semiPersistent": false
            },
            {
                "id": "Dream Plant Orb (26)",
                "sceneName": "Crossroads_07",
                "activated": false,
                "semiPersistent": false
            },
            {
                "id": "Dream Plant Orb (14)",
                "sceneName": "Crossroads_07",
                "activated": false,
                "semiPersistent": false
            },
            {
                "id": "Dream Plant Orb",
                "sceneName": "Crossroads_07",
                "activated": false,
                "semiPersistent": false
            },
            {
                "id": "Dream Plant Orb (16)",
                "sceneName": "Crossroads_07",
                "activated": false,
                "semiPersistent": false
            },
            {
                "id": "Breakable Wall_Silhouette",
                "sceneName": "Crossroads_07",
                "activated": false,
                "semiPersistent": false
            },
            {
                "id": "Dream Plant Orb (17)",
                "sceneName": "Crossroads_07",
                "activated": false,
                "semiPersistent": false
            },
            {
                "id": "Dream Plant Orb (7)",
                "sceneName": "Crossroads_07",
                "activated": false,
                "semiPersistent": false
            },
            {
                "id": "Dream Plant Orb (21)",
                "sceneName": "Crossroads_07",
                "activated": false,
                "semiPersistent": false
            },
            {
                "id": "Dream Plant Orb (27)",
                "sceneName": "Crossroads_07",
                "activated": false,
                "semiPersistent": false
            },
            {
                "id": "Dream Plant Orb (22)",
                "sceneName": "Crossroads_07",
                "activated": false,
                "semiPersistent": false
            },
            {
                "id": "Dream Plant Orb (24)",
                "sceneName": "Crossroads_07",
                "activated": false,
                "semiPersistent": false
            },
            {
                "id": "Dream Plant Orb (11)",
                "sceneName": "Crossroads_07",
                "activated": false,
                "semiPersistent": false
            },
            {
                "id": "Dream Plant Orb (8)",
                "sceneName": "Crossroads_07",
                "activated": false,
                "semiPersistent": false
            },
            {
                "id": "Dream Plant Orb (5)",
                "sceneName": "Crossroads_07",
                "activated": false,
                "semiPersistent": false
            },
            {
                "id": "Dream Plant Orb (6)",
                "sceneName": "Crossroads_07",
                "activated": false,
                "semiPersistent": false
            },
            {
                "id": "Remasker (2)",
                "sceneName": "Crossroads_33",
                "activated": true,
                "semiPersistent": false
            },
            {
                "id": "Remasker (1)",
                "sceneName": "Crossroads_33",
                "activated": true,
                "semiPersistent": false
            },
            {
                "id": "break_wall_masks",
                "sceneName": "Crossroads_08",
                "activated": false,
                "semiPersistent": false
            },
            {
                "id": "Battle Scene",
                "sceneName": "Crossroads_08",
                "activated": true,
                "semiPersistent": false
            },
            {
                "id": "Break Wall 2",
                "sceneName": "Crossroads_08",
                "activated": false,
                "semiPersistent": false
            },
            {
                "id": "Zombie Barger",
                "sceneName": "Crossroads_13",
                "activated": false,
                "semiPersistent": true
            },
            {
                "id": "Heart Piece",
                "sceneName": "Crossroads_13",
                "activated": false,
                "semiPersistent": false
            },
            {
                "id": "Break Floor 1",
                "sceneName": "Crossroads_13",
                "activated": false,
                "semiPersistent": false
            },
            {
                "id": "Hatcher",
                "sceneName": "Crossroads_19",
                "activated": false,
                "semiPersistent": true
            },
            {
                "id": "Zombie Leaper",
                "sceneName": "Crossroads_19",
                "activated": false,
                "semiPersistent": true
            },
            {
                "id": "Toll Gate Switch",
                "sceneName": "Crossroads_03",
                "activated": false,
                "semiPersistent": false
            },
            {
                "id": "Grub Bottle",
                "sceneName": "Crossroads_03",
                "activated": false,
                "semiPersistent": false
            },
            {
                "id": "Break Wall 2",
                "sceneName": "Crossroads_03",
                "activated": false,
                "semiPersistent": false
            },
            {
                "id": "Zombie Runner",
                "sceneName": "Crossroads_21",
                "activated": false,
                "semiPersistent": true
            },
            {
                "id": "Breakable Wall",
                "sceneName": "Crossroads_21",
                "activated": false,
                "semiPersistent": false
            },
            {
                "id": "Zombie Guard",
                "sceneName": "Crossroads_21",
                "activated": false,
                "semiPersistent": true
            },
            {
                "id": "Zombie Barger",
                "sceneName": "Crossroads_21",
                "activated": false,
                "semiPersistent": true
            },
            {
                "id": "Collapser Small",
                "sceneName": "Crossroads_21",
                "activated": false,
                "semiPersistent": false
            },
            {
                "id": "Zombie Barger (1)",
                "sceneName": "Crossroads_21",
                "activated": false,
                "semiPersistent": true
            },
            {
                "id": "Zombie Leaper",
                "sceneName": "Crossroads_21",
                "activated": false,
                "semiPersistent": true
            },
            {
                "id": "Secret Mask (1)",
                "sceneName": "Crossroads_21",
                "activated": false,
                "semiPersistent": false
            },
            {
                "id": "Secret Mask",
                "sceneName": "Crossroads_21",
                "activated": false,
                "semiPersistent": false
            },
            {
                "id": "Chest",
                "sceneName": "Crossroads_10",
                "activated": false,
                "semiPersistent": false
            },
            {
                "id": "Zombie Runner",
                "sceneName": "Crossroads_10",
                "activated": true,
                "semiPersistent": true
            },
            {
                "id": "Breakable Wall",
                "sceneName": "Crossroads_10",
                "activated": false,
                "semiPersistent": false
            },
            {
                "id": "Battle Scene",
                "sceneName": "Crossroads_10",
                "activated": false,
                "semiPersistent": false
            },
            {
                "id": "Zombie Barger",
                "sceneName": "Crossroads_10",
                "activated": true,
                "semiPersistent": true
            },
            {
                "id": "Zombie Hornhead",
                "sceneName": "Crossroads_10",
                "activated": true,
                "semiPersistent": true
            },
            {
                "id": "Raising Pillar",
                "sceneName": "Crossroads_06",
                "activated": true,
                "semiPersistent": false
            },
            {
                "id": "Gate Switch",
                "sceneName": "Crossroads_06",
                "activated": true,
                "semiPersistent": false
            },
            {
                "id": "Dream Plant Orb (34)",
                "sceneName": "Crossroads_ShamanTemple",
                "activated": false,
                "semiPersistent": false
            },
            {
                "id": "Dream Plant Orb (9)",
                "sceneName": "Crossroads_ShamanTemple",
                "activated": false,
                "semiPersistent": false
            },
            {
                "id": "Dream Plant Orb (6)",
                "sceneName": "Crossroads_ShamanTemple",
                "activated": false,
                "semiPersistent": false
            },
            {
                "id": "Dream Plant Orb (30)",
                "sceneName": "Crossroads_ShamanTemple",
                "activated": false,
                "semiPersistent": false
            },
            {
                "id": "Dream Plant Orb (28)",
                "sceneName": "Crossroads_ShamanTemple",
                "activated": false,
                "semiPersistent": false
            },
            {
                "id": "Dream Plant Orb (26)",
                "sceneName": "Crossroads_ShamanTemple",
                "activated": false,
                "semiPersistent": false
            },
            {
                "id": "Dream Plant Orb (35)",
                "sceneName": "Crossroads_ShamanTemple",
                "activated": false,
                "semiPersistent": false
            },
            {
                "id": "Dream Plant Orb (21)",
                "sceneName": "Crossroads_ShamanTemple",
                "activated": false,
                "semiPersistent": false
            },
            {
                "id": "Shiny Item",
                "sceneName": "Crossroads_ShamanTemple",
                "activated": false,
                "semiPersistent": false
            },
            {
                "id": "Dream Plant Orb (31)",
                "sceneName": "Crossroads_ShamanTemple",
                "activated": false,
                "semiPersistent": false
            },
            {
                "id": "Dream Plant Orb (3)",
                "sceneName": "Crossroads_ShamanTemple",
                "activated": false,
                "semiPersistent": false
            },
            {
                "id": "Dream Plant Orb (15)",
                "sceneName": "Crossroads_ShamanTemple",
                "activated": false,
                "semiPersistent": false
            },
            {
                "id": "Dream Plant Orb (27)",
                "sceneName": "Crossroads_ShamanTemple",
                "activated": false,
                "semiPersistent": false
            },
            {
                "id": "Dream Plant Orb (32)",
                "sceneName": "Crossroads_ShamanTemple",
                "activated": false,
                "semiPersistent": false
            },
            {
                "id": "Dream Plant Orb (41)",
                "sceneName": "Crossroads_ShamanTemple",
                "activated": false,
                "semiPersistent": false
            },
            {
                "id": "Dream Plant Orb (13)",
                "sceneName": "Crossroads_ShamanTemple",
                "activated": false,
                "semiPersistent": false
            },
            {
                "id": "Dream Plant Orb (14)",
                "sceneName": "Crossroads_ShamanTemple",
                "activated": false,
                "semiPersistent": false
            },
            {
                "id": "Dream Plant Orb (22)",
                "sceneName": "Crossroads_ShamanTemple",
                "activated": false,
                "semiPersistent": false
            },
            {
                "id": "Dream Plant Orb (18)",
                "sceneName": "Crossroads_ShamanTemple",
                "activated": false,
                "semiPersistent": false
            },
            {
                "id": "Dream Plant Orb (5)",
                "sceneName": "Crossroads_ShamanTemple",
                "activated": false,
                "semiPersistent": false
            },
            {
                "id": "Zombie Runner",
                "sceneName": "Crossroads_ShamanTemple",
                "activated": false,
                "semiPersistent": true
            },
            {
                "id": "Dream Plant Orb (7)",
                "sceneName": "Crossroads_ShamanTemple",
                "activated": false,
                "semiPersistent": false
            },
            {
                "id": "Dream Plant Orb (20)",
                "sceneName": "Crossroads_ShamanTemple",
                "activated": false,
                "semiPersistent": false
            },
            {
                "id": "Dream Plant Orb (17)",
                "sceneName": "Crossroads_ShamanTemple",
                "activated": false,
                "semiPersistent": false
            },
            {
                "id": "Blocker",
                "sceneName": "Crossroads_ShamanTemple",
                "activated": true,
                "semiPersistent": false
            },
            {
                "id": "Dream Plant Orb (1)",
                "sceneName": "Crossroads_ShamanTemple",
                "activated": false,
                "semiPersistent": false
            },
            {
                "id": "Dream Plant Orb (40)",
                "sceneName": "Crossroads_ShamanTemple",
                "activated": false,
                "semiPersistent": false
            },
            {
                "id": "Dream Plant Orb (39)",
                "sceneName": "Crossroads_ShamanTemple",
                "activated": false,
                "semiPersistent": false
            },
            {
                "id": "Dream Plant Orb (25)",
                "sceneName": "Crossroads_ShamanTemple",
                "activated": false,
                "semiPersistent": false
            },
            {
                "id": "Death Respawn Trigger 1",
                "sceneName": "Crossroads_ShamanTemple",
                "activated": true,
                "semiPersistent": false
            },
            {
                "id": "Remasker",
                "sceneName": "Crossroads_ShamanTemple",
                "activated": false,
                "semiPersistent": false
            },
            {
                "id": "Dream Plant Orb",
                "sceneName": "Crossroads_ShamanTemple",
                "activated": false,
                "semiPersistent": false
            },
            {
                "id": "Dream Plant Orb (10)",
                "sceneName": "Crossroads_ShamanTemple",
                "activated": false,
                "semiPersistent": false
            },
            {
                "id": "Dream Plant",
                "sceneName": "Crossroads_ShamanTemple",
                "activated": false,
                "semiPersistent": false
            },
            {
                "id": "Dream Plant Orb (11)",
                "sceneName": "Crossroads_ShamanTemple",
                "activated": false,
                "semiPersistent": false
            },
            {
                "id": "Dream Plant Orb (12)",
                "sceneName": "Crossroads_ShamanTemple",
                "activated": false,
                "semiPersistent": false
            },
            {
                "id": "Bone Gate",
                "sceneName": "Crossroads_ShamanTemple",
                "activated": true,
                "semiPersistent": false
            },
            {
                "id": "Dream Plant Orb (36)",
                "sceneName": "Crossroads_ShamanTemple",
                "activated": false,
                "semiPersistent": false
            },
            {
                "id": "Dream Plant Orb (16)",
                "sceneName": "Crossroads_ShamanTemple",
                "activated": false,
                "semiPersistent": false
            },
            {
                "id": "Dream Plant Orb (33)",
                "sceneName": "Crossroads_ShamanTemple",
                "activated": false,
                "semiPersistent": false
            },
            {
                "id": "Dream Plant Orb (19)",
                "sceneName": "Crossroads_ShamanTemple",
                "activated": false,
                "semiPersistent": false
            },
            {
                "id": "Health Cocoon",
                "sceneName": "Crossroads_ShamanTemple",
                "activated": false,
                "semiPersistent": true
            },
            {
                "id": "Dream Plant Orb (37)",
                "sceneName": "Crossroads_ShamanTemple",
                "activated": false,
                "semiPersistent": false
            },
            {
                "id": "Dream Plant Orb (24)",
                "sceneName": "Crossroads_ShamanTemple",
                "activated": false,
                "semiPersistent": false
            },
            {
                "id": "Dream Plant Orb (2)",
                "sceneName": "Crossroads_ShamanTemple",
                "activated": false,
                "semiPersistent": false
            },
            {
                "id": "Blocker Destroy",
                "sceneName": "Crossroads_ShamanTemple",
                "activated": true,
                "semiPersistent": false
            },
            {
                "id": "Dream Plant Orb (4)",
                "sceneName": "Crossroads_ShamanTemple",
                "activated": false,
                "semiPersistent": false
            },
            {
                "id": "Dream Plant Orb (38)",
                "sceneName": "Crossroads_ShamanTemple",
                "activated": false,
                "semiPersistent": false
            },
            {
                "id": "Dream Plant Orb (23)",
                "sceneName": "Crossroads_ShamanTemple",
                "activated": false,
                "semiPersistent": false
            },
            {
                "id": "Reminder Cast",
                "sceneName": "Crossroads_ShamanTemple",
                "activated": true,
                "semiPersistent": false
            },
            {
                "id": "Dream Plant Orb (29)",
                "sceneName": "Crossroads_ShamanTemple",
                "activated": false,
                "semiPersistent": false
            },
            {
                "id": "Dream Plant Orb (8)",
                "sceneName": "Crossroads_ShamanTemple",
                "activated": false,
                "semiPersistent": false
            }
        ],
        "persistentIntItems": [
            {
                "id": "Soul Totem 5",
                "sceneName": "Cliffs_02",
                "value": -1,
                "semiPersistent": true
            },
            {
                "id": "Soul Totem mini_two_horned",
                "sceneName": "Crossroads_19",
                "value": 3,
                "semiPersistent": true
            },
            {
                "id": "Soul Totem 2",
                "sceneName": "Crossroads_ShamanTemple",
                "value": 5,
                "semiPersistent": true
            }
        ]
    },
    "savePos": {
        "x": 0.7929985523223877,
        "y": 3.4056246280670168,
        "z": 0.004000000189989805
    },
    "filePath": "",
    "useRoomSpecific": 0
}